弹幕出现时间,弹幕格式,弹幕字体,弹幕颜色,弹幕时间戳,弹幕池,用户ID,rowID,弹幕信息
879.72900,1,25,16777215,Tue Jun  9 19:46:01 2020,0,dafa6988,33848550732333059,就这？
643.19900,1,25,16777215,Tue Jun  9 20:33:30 2020,0,d1efd35d,33850044105359363,高F的疾Y解
1313.02400,1,25,16777215,Tue Jun  9 20:38:38 2020,0,28dfa3c1,33850205883858949,爱磨血的都被爆头死了
914.83800,1,25,16777215,Wed Jun 10 05:17:21 2020,0,70ffff70,33866522861502467,换头教233333
702.86800,1,25,16777215,Wed Jun 10 23:21:07 2020,0,9caacf8e,33900615574224899,真的蛄肃
922.24500,1,25,16777215,Wed Jun 10 23:25:20 2020,0,9caacf8e,33900747996790787,如果是你的高外斓脑
1052.25500,1,25,16777215,Thu Jun 11 08:51:53 2020,0,cc9e011c,33918570134503431,比天使还容易解的天使教变种
