弹幕出现时间,弹幕格式,弹幕字体,弹幕颜色,弹幕时间戳,弹幕池,用户ID,rowID,弹幕信息
103.91700,1,25,16777215,Tue Jun 16 21:10:01 2020,0,d1efd35d,34168282361102343,不是拍老虫差u
135.75300,1,25,16777215,Tue Jun 16 21:10:51 2020,0,d1efd35d,34168308467499013,一破姆ㄐg或必⒕]了
864.46000,1,25,16777215,Tue Jun 16 21:15:59 2020,0,d1efd35d,34168469891055619,有那N多M化c
1026.54100,1,25,16777215,Wed Jun 17 00:47:08 2020,0,57097b1c,34175112050638855,说得好，不开心还玩什么影之诗
240.49900,1,25,16777215,Thu Jun 18 10:17:04 2020,0,88d62fe5,34238339112501251,正片结束
868.54100,1,25,16777215,Thu Jun 18 19:22:10 2020,0,b77c150a,34255486582259719,都没了
