弹幕出现时间,弹幕格式,弹幕字体,弹幕颜色,弹幕时间戳,弹幕池,用户ID,rowID,弹幕信息
251.12000,1,25,16777215,Tue May 12 20:23:07 2020,0,57097b1c,32581359907635205,你就守了一天
777.93800,1,25,16777215,Tue May 12 23:34:39 2020,0,25579214,32587384904220679,跟手气
779.45400,1,25,16777215,Tue May 12 23:34:48 2020,0,25579214,32587389776953349,有关
939.18000,1,25,16777215,Wed May 13 01:22:51 2020,0,70ffff70,32590788861362181,控复仇，什么叫职业玩家啊（后仰）
398.91000,1,25,16777215,Thu May 14 08:46:41 2020,0,d1efd35d,32650049165459463,原硎悄俏荒皇守o的人
1094.73500,1,25,16777215,Thu May 14 08:53:37 2020,0,d1efd35d,32650267244101635,女帝?
