弹幕出现时间,弹幕格式,弹幕字体,弹幕颜色,弹幕时间戳,弹幕池,用户ID,rowID,弹幕信息
747.72200,1,25,16777215,Tue Jun  2 21:07:27 2020,0,b77c150a,33534022895796231,女帝：？？？
187.63800,1,25,16777215,Wed Jun  3 11:11:04 2020,0,d1efd35d,33560560778870791,土法快攻
